,sunrise,sunset,solar_noon,day_length,civil_twilight_begin,civil_twilight_end,nautical_twilight_begin,nautical_twilight_end,astronomical_twilight_begin,astronomical_twilight_end,date
0,6:53:18 AM,2:29:56 PM,10:41:37 AM,07:36:38,6:12:38 AM,3:10:36 PM,5:27:00 AM,3:56:13 PM,4:44:07 AM,4:39:07 PM,2022-01-01
1,6:53:06 AM,2:31:04 PM,10:42:05 AM,07:37:58,6:12:31 AM,3:11:39 PM,5:26:57 AM,3:57:13 PM,4:44:06 AM,4:40:04 PM,2022-01-02
2,6:52:50 AM,2:32:15 PM,10:42:33 AM,07:39:25,6:12:21 AM,3:12:44 PM,5:26:51 AM,3:58:14 PM,4:44:03 AM,4:41:03 PM,2022-01-03
3,6:52:31 AM,2:33:29 PM,10:43:00 AM,07:40:58,6:12:08 AM,3:13:52 PM,5:26:42 AM,3:59:18 PM,4:43:56 AM,4:42:04 PM,2022-01-04
4,6:52:08 AM,2:34:46 PM,10:43:27 AM,07:42:38,6:11:51 AM,3:15:03 PM,5:26:30 AM,4:00:24 PM,4:43:47 AM,4:43:07 PM,2022-01-05
5,6:51:42 AM,2:36:05 PM,10:43:53 AM,07:44:23,6:11:31 AM,3:16:16 PM,5:26:15 AM,4:01:32 PM,4:43:35 AM,4:44:12 PM,2022-01-06
6,6:51:12 AM,2:37:27 PM,10:44:19 AM,07:46:15,6:11:08 AM,3:17:31 PM,5:25:57 AM,4:02:42 PM,4:43:20 AM,4:45:19 PM,2022-01-07
7,6:50:38 AM,2:38:51 PM,10:44:45 AM,07:48:13,6:10:42 AM,3:18:48 PM,5:25:36 AM,4:03:54 PM,4:43:02 AM,4:46:28 PM,2022-01-08
8,6:50:02 AM,2:40:18 PM,10:45:10 AM,07:50:16,6:10:12 AM,3:20:08 PM,5:25:12 AM,4:05:08 PM,4:42:41 AM,4:47:39 PM,2022-01-09
9,6:49:21 AM,2:41:48 PM,10:45:34 AM,07:52:27,6:09:39 AM,3:21:30 PM,5:24:45 AM,4:06:24 PM,4:42:18 AM,4:48:51 PM,2022-01-10
10,6:48:37 AM,2:43:19 PM,10:45:58 AM,07:54:42,6:09:03 AM,3:22:53 PM,5:24:15 AM,4:07:41 PM,4:41:51 AM,4:50:05 PM,2022-01-11
11,6:47:50 AM,2:44:53 PM,10:46:22 AM,07:57:03,6:08:25 AM,3:24:19 PM,5:23:43 AM,4:09:01 PM,4:41:22 AM,4:51:21 PM,2022-01-12
12,6:47:00 AM,2:46:29 PM,10:46:44 AM,07:59:29,6:07:43 AM,3:25:46 PM,5:23:07 AM,4:10:22 PM,4:40:50 AM,4:52:38 PM,2022-01-13
13,6:46:06 AM,2:48:06 PM,10:47:06 AM,08:02:00,6:06:57 AM,3:27:15 PM,5:22:28 AM,4:11:45 PM,4:40:15 AM,4:53:57 PM,2022-01-14
14,6:45:10 AM,2:49:46 PM,10:47:28 AM,08:04:36,6:06:09 AM,3:28:46 PM,5:21:47 AM,4:13:09 PM,4:39:38 AM,4:55:18 PM,2022-01-15
15,6:44:10 AM,2:51:27 PM,10:47:48 AM,08:07:17,6:05:18 AM,3:30:18 PM,5:21:02 AM,4:14:35 PM,4:38:57 AM,4:56:40 PM,2022-01-16
16,6:43:07 AM,2:53:10 PM,10:48:08 AM,08:10:03,6:04:24 AM,3:31:52 PM,5:20:15 AM,4:16:02 PM,4:38:14 AM,4:58:03 PM,2022-01-17
17,6:42:01 AM,2:54:55 PM,10:48:28 AM,08:12:54,6:03:28 AM,3:33:28 PM,5:19:25 AM,4:17:30 PM,4:37:28 AM,4:59:28 PM,2022-01-18
18,6:40:52 AM,2:56:41 PM,10:48:46 AM,08:15:49,6:02:28 AM,3:35:05 PM,5:18:33 AM,4:19:00 PM,4:36:39 AM,5:00:54 PM,2022-01-19
19,6:39:41 AM,2:58:28 PM,10:49:04 AM,08:18:47,6:01:26 AM,3:36:43 PM,5:17:37 AM,4:20:31 PM,4:35:47 AM,5:02:21 PM,2022-01-20
20,6:38:26 AM,3:00:17 PM,10:49:21 AM,08:21:51,6:00:20 AM,3:38:22 PM,5:16:39 AM,4:22:04 PM,4:34:53 AM,5:03:50 PM,2022-01-21
21,6:37:09 AM,3:02:06 PM,10:49:38 AM,08:24:57,5:59:13 AM,3:40:03 PM,5:15:38 AM,4:23:37 PM,4:33:56 AM,5:05:19 PM,2022-01-22
22,6:35:49 AM,3:03:57 PM,10:49:53 AM,08:28:08,5:58:02 AM,3:41:45 PM,5:14:35 AM,4:25:12 PM,4:32:57 AM,5:06:50 PM,2022-01-23
23,6:34:27 AM,3:05:50 PM,10:50:08 AM,08:31:23,5:56:49 AM,3:43:27 PM,5:13:29 AM,4:26:48 PM,4:31:54 AM,5:08:22 PM,2022-01-24
24,6:33:02 AM,3:07:43 PM,10:50:22 AM,08:34:41,5:55:33 AM,3:45:11 PM,5:12:20 AM,4:28:24 PM,4:30:50 AM,5:09:55 PM,2022-01-25
25,6:31:34 AM,3:09:37 PM,10:50:35 AM,08:38:03,5:54:15 AM,3:46:56 PM,5:11:09 AM,4:30:02 PM,4:29:42 AM,5:11:28 PM,2022-01-26
26,6:30:04 AM,3:11:31 PM,10:50:48 AM,08:41:27,5:52:54 AM,3:48:41 PM,5:09:55 AM,4:31:40 PM,4:28:32 AM,5:13:03 PM,2022-01-27
27,6:28:32 AM,3:13:27 PM,10:50:59 AM,08:44:55,5:51:31 AM,3:50:27 PM,5:08:39 AM,4:33:20 PM,4:27:20 AM,5:14:39 PM,2022-01-28
28,6:26:57 AM,3:15:23 PM,10:51:10 AM,08:48:26,5:50:06 AM,3:52:14 PM,5:07:20 AM,4:35:00 PM,4:26:05 AM,5:16:16 PM,2022-01-29
29,6:25:21 AM,3:17:20 PM,10:51:20 AM,08:51:59,5:48:38 AM,3:54:02 PM,5:05:59 AM,4:36:41 PM,4:24:47 AM,5:17:53 PM,2022-01-30
30,6:23:42 AM,3:19:17 PM,10:51:29 AM,08:55:35,5:47:08 AM,3:55:50 PM,5:04:36 AM,4:38:23 PM,4:23:27 AM,5:19:32 PM,2022-01-31
31,6:22:01 AM,3:21:15 PM,10:51:38 AM,08:59:14,5:45:36 AM,3:57:39 PM,5:03:10 AM,4:40:05 PM,4:22:05 AM,5:21:11 PM,2022-02-01
32,6:20:17 AM,3:23:13 PM,10:51:45 AM,09:02:56,5:44:02 AM,3:59:29 PM,5:01:42 AM,4:41:48 PM,4:20:40 AM,5:22:51 PM,2022-02-02
33,6:18:32 AM,3:25:11 PM,10:51:52 AM,09:06:39,5:42:25 AM,4:01:19 PM,5:00:12 AM,4:43:32 PM,4:19:12 AM,5:24:31 PM,2022-02-03
34,6:16:45 AM,3:27:10 PM,10:51:58 AM,09:10:25,5:40:47 AM,4:03:09 PM,4:58:40 AM,4:45:16 PM,4:17:43 AM,5:26:13 PM,2022-02-04
35,6:14:56 AM,3:29:09 PM,10:52:03 AM,09:14:13,5:39:06 AM,4:05:00 PM,4:57:05 AM,4:47:00 PM,4:16:11 AM,5:27:55 PM,2022-02-05
36,6:13:06 AM,3:31:09 PM,10:52:07 AM,09:18:03,5:37:23 AM,4:06:51 PM,4:55:29 AM,4:48:46 PM,4:14:37 AM,5:29:38 PM,2022-02-06
37,6:11:13 AM,3:33:08 PM,10:52:11 AM,09:21:55,5:35:39 AM,4:08:42 PM,4:53:50 AM,4:50:31 PM,4:13:00 AM,5:31:21 PM,2022-02-07
38,6:09:19 AM,3:35:08 PM,10:52:13 AM,09:25:49,5:33:53 AM,4:10:34 PM,4:52:09 AM,4:52:17 PM,4:11:22 AM,5:33:05 PM,2022-02-08
39,6:07:23 AM,3:37:07 PM,10:52:15 AM,09:29:44,5:32:04 AM,4:12:26 PM,4:50:26 AM,4:54:04 PM,4:09:41 AM,5:34:50 PM,2022-02-09
40,6:05:26 AM,3:39:07 PM,10:52:16 AM,09:33:41,5:30:14 AM,4:14:18 PM,4:48:42 AM,4:55:51 PM,4:07:58 AM,5:36:35 PM,2022-02-10
41,6:03:27 AM,3:41:07 PM,10:52:17 AM,09:37:40,5:28:23 AM,4:16:11 PM,4:46:55 AM,4:57:38 PM,4:06:12 AM,5:38:21 PM,2022-02-11
42,6:01:26 AM,3:43:07 PM,10:52:16 AM,09:41:41,5:26:29 AM,4:18:03 PM,4:45:06 AM,4:59:26 PM,4:04:25 AM,5:40:08 PM,2022-02-12
43,5:59:24 AM,3:45:06 PM,10:52:15 AM,09:45:42,5:24:34 AM,4:19:56 PM,4:43:16 AM,5:01:14 PM,4:02:36 AM,5:41:55 PM,2022-02-13
44,5:57:21 AM,3:47:06 PM,10:52:13 AM,09:49:45,5:22:38 AM,4:21:49 PM,4:41:24 AM,5:03:03 PM,4:00:44 AM,5:43:42 PM,2022-02-14
45,5:55:16 AM,3:49:05 PM,10:52:11 AM,09:53:49,5:20:40 AM,4:23:42 PM,4:39:30 AM,5:04:51 PM,3:58:51 AM,5:45:31 PM,2022-02-15
46,5:53:10 AM,3:51:04 PM,10:52:07 AM,09:57:54,5:18:40 AM,4:25:35 PM,4:37:34 AM,5:06:41 PM,3:56:55 AM,5:47:19 PM,2022-02-16
47,5:51:03 AM,3:53:04 PM,10:52:03 AM,10:02:01,5:16:39 AM,4:27:28 PM,4:35:36 AM,5:08:30 PM,3:54:58 AM,5:49:09 PM,2022-02-17
48,5:48:54 AM,3:55:03 PM,10:51:58 AM,10:06:09,5:14:36 AM,4:29:21 PM,4:33:37 AM,5:10:20 PM,3:52:58 AM,5:50:59 PM,2022-02-18
49,5:46:45 AM,3:57:01 PM,10:51:53 AM,10:10:16,5:12:32 AM,4:31:14 PM,4:31:36 AM,5:12:09 PM,3:50:57 AM,5:52:49 PM,2022-02-19
50,5:44:34 AM,3:59:00 PM,10:51:47 AM,10:14:26,5:10:27 AM,4:33:07 PM,4:29:34 AM,5:14:00 PM,3:48:54 AM,5:54:40 PM,2022-02-20
51,5:42:22 AM,4:00:58 PM,10:51:40 AM,10:18:36,5:08:20 AM,4:35:00 PM,4:27:30 AM,5:15:50 PM,3:46:48 AM,5:56:32 PM,2022-02-21
52,5:40:09 AM,4:02:56 PM,10:51:33 AM,10:22:47,5:06:12 AM,4:36:53 PM,4:25:24 AM,5:17:41 PM,3:44:41 AM,5:58:24 PM,2022-02-22
53,5:37:55 AM,4:04:54 PM,10:51:25 AM,10:26:59,5:04:03 AM,4:38:46 PM,4:23:17 AM,5:19:32 PM,3:42:33 AM,6:00:17 PM,2022-02-23
54,5:35:40 AM,4:06:52 PM,10:51:16 AM,10:31:12,5:01:53 AM,4:40:39 PM,4:21:09 AM,5:21:23 PM,3:40:22 AM,6:02:10 PM,2022-02-24
55,5:33:25 AM,4:08:49 PM,10:51:07 AM,10:35:24,4:59:41 AM,4:42:33 PM,4:18:59 AM,5:23:15 PM,3:38:10 AM,6:04:04 PM,2022-02-25
56,5:31:08 AM,4:10:46 PM,10:50:57 AM,10:39:38,4:57:28 AM,4:44:26 PM,4:16:47 AM,5:25:06 PM,3:35:55 AM,6:05:58 PM,2022-02-26
57,5:28:50 AM,4:12:43 PM,10:50:47 AM,10:43:53,4:55:15 AM,4:46:19 PM,4:14:35 AM,5:26:59 PM,3:33:40 AM,6:07:54 PM,2022-02-27
58,5:26:32 AM,4:14:39 PM,10:50:36 AM,10:48:07,4:53:00 AM,4:48:12 PM,4:12:21 AM,5:28:51 PM,3:31:22 AM,6:09:49 PM,2022-02-28
59,5:24:13 AM,4:16:36 PM,10:50:24 AM,10:52:23,4:50:44 AM,4:50:05 PM,4:10:05 AM,5:30:43 PM,3:29:03 AM,6:11:46 PM,2022-03-01
60,5:21:53 AM,4:18:31 PM,10:50:12 AM,10:56:38,4:48:27 AM,4:51:58 PM,4:07:48 AM,5:32:36 PM,3:26:42 AM,6:13:43 PM,2022-03-02
61,5:19:33 AM,4:20:27 PM,10:50:00 AM,11:00:54,4:46:09 AM,4:53:50 PM,4:05:30 AM,5:34:30 PM,3:24:19 AM,6:15:41 PM,2022-03-03
62,5:17:12 AM,4:22:22 PM,10:49:47 AM,11:05:10,4:43:51 AM,4:55:43 PM,4:03:11 AM,5:36:23 PM,3:21:55 AM,6:17:39 PM,2022-03-04
63,5:14:50 AM,4:24:18 PM,10:49:34 AM,11:09:28,4:41:31 AM,4:57:36 PM,4:00:51 AM,5:38:17 PM,3:19:29 AM,6:19:38 PM,2022-03-05
64,5:12:28 AM,4:26:12 PM,10:49:20 AM,11:13:44,4:39:11 AM,4:59:29 PM,3:58:29 AM,5:40:11 PM,3:17:02 AM,6:21:38 PM,2022-03-06
65,5:10:05 AM,4:28:07 PM,10:49:06 AM,11:18:02,4:36:50 AM,5:01:22 PM,3:56:06 AM,5:42:05 PM,3:14:33 AM,6:23:39 PM,2022-03-07
66,5:07:41 AM,4:30:01 PM,10:48:51 AM,11:22:20,4:34:28 AM,5:03:15 PM,3:53:42 AM,5:44:00 PM,3:12:02 AM,6:25:41 PM,2022-03-08
67,5:05:17 AM,4:31:55 PM,10:48:36 AM,11:26:38,4:32:05 AM,5:05:08 PM,3:51:17 AM,5:45:55 PM,3:09:30 AM,6:27:43 PM,2022-03-09
68,5:02:53 AM,4:33:49 PM,10:48:21 AM,11:30:56,4:29:42 AM,5:07:01 PM,3:48:51 AM,5:47:51 PM,3:06:56 AM,6:29:46 PM,2022-03-10
69,5:00:28 AM,4:35:43 PM,10:48:06 AM,11:35:15,4:27:17 AM,5:08:54 PM,3:46:24 AM,5:49:47 PM,3:04:21 AM,6:31:50 PM,2022-03-11
70,4:58:03 AM,4:37:36 PM,10:47:50 AM,11:39:33,4:24:53 AM,5:10:47 PM,3:43:56 AM,5:51:43 PM,3:01:44 AM,6:33:55 PM,2022-03-12
71,4:55:38 AM,4:39:29 PM,10:47:33 AM,11:43:51,4:22:27 AM,5:12:40 PM,3:41:27 AM,5:53:40 PM,2:59:06 AM,6:36:01 PM,2022-03-13
72,4:53:12 AM,4:41:22 PM,10:47:17 AM,11:48:10,4:20:01 AM,5:14:33 PM,3:38:57 AM,5:55:37 PM,2:56:26 AM,6:38:08 PM,2022-03-14
73,4:50:46 AM,4:43:15 PM,10:47:00 AM,11:52:29,4:17:34 AM,5:16:26 PM,3:36:26 AM,5:57:35 PM,2:53:45 AM,6:40:16 PM,2022-03-15
74,4:48:19 AM,4:45:07 PM,10:46:43 AM,11:56:48,4:15:07 AM,5:18:19 PM,3:33:54 AM,5:59:33 PM,2:51:02 AM,6:42:24 PM,2022-03-16
75,4:45:53 AM,4:47:00 PM,10:46:26 AM,12:01:07,4:12:40 AM,5:20:13 PM,3:31:21 AM,6:01:32 PM,2:48:18 AM,6:44:34 PM,2022-03-17
76,4:43:26 AM,4:48:52 PM,10:46:09 AM,12:05:26,4:10:12 AM,5:22:06 PM,3:28:47 AM,6:03:31 PM,2:45:32 AM,6:46:45 PM,2022-03-18
77,4:40:59 AM,4:50:44 PM,10:45:51 AM,12:09:45,4:07:43 AM,5:24:00 PM,3:26:12 AM,6:05:30 PM,2:42:45 AM,6:48:58 PM,2022-03-19
78,4:38:31 AM,4:52:36 PM,10:45:34 AM,12:14:05,4:05:14 AM,5:25:53 PM,3:23:37 AM,6:07:31 PM,2:39:56 AM,6:51:11 PM,2022-03-20
79,4:36:04 AM,4:54:27 PM,10:45:16 AM,12:18:23,4:02:45 AM,5:27:47 PM,3:21:00 AM,6:09:31 PM,2:37:06 AM,6:53:25 PM,2022-03-21
80,4:33:37 AM,4:56:19 PM,10:44:58 AM,12:22:42,4:00:15 AM,5:29:41 PM,3:18:23 AM,6:11:33 PM,2:34:15 AM,6:55:41 PM,2022-03-22
81,4:31:09 AM,4:58:11 PM,10:44:40 AM,12:27:02,3:57:45 AM,5:31:35 PM,3:15:45 AM,6:13:35 PM,2:31:22 AM,6:57:58 PM,2022-03-23
82,4:28:42 AM,5:00:02 PM,10:44:22 AM,12:31:20,3:55:14 AM,5:33:30 PM,3:13:07 AM,6:15:37 PM,2:28:27 AM,7:00:17 PM,2022-03-24
83,4:26:14 AM,5:01:53 PM,10:44:04 AM,12:35:39,3:52:43 AM,5:35:24 PM,3:10:27 AM,6:17:40 PM,2:25:31 AM,7:02:37 PM,2022-03-25
84,4:23:47 AM,5:03:44 PM,10:43:46 AM,12:39:57,3:50:12 AM,5:37:19 PM,3:07:47 AM,6:19:44 PM,2:22:34 AM,7:04:58 PM,2022-03-26
85,4:21:20 AM,5:05:36 PM,10:43:28 AM,12:44:16,3:47:41 AM,5:39:14 PM,3:05:06 AM,6:21:49 PM,2:19:35 AM,7:07:21 PM,2022-03-27
86,4:18:52 AM,5:07:27 PM,10:43:09 AM,12:48:35,3:45:10 AM,5:41:09 PM,3:02:25 AM,6:23:54 PM,2:16:34 AM,7:09:45 PM,2022-03-28
87,4:16:25 AM,5:09:18 PM,10:42:51 AM,12:52:53,3:42:38 AM,5:43:05 PM,2:59:43 AM,6:26:00 PM,2:13:32 AM,7:12:11 PM,2022-03-29
88,4:13:58 AM,5:11:09 PM,10:42:33 AM,12:57:11,3:40:06 AM,5:45:00 PM,2:57:00 AM,6:28:07 PM,2:10:29 AM,7:14:38 PM,2022-03-30
89,4:11:31 AM,5:13:00 PM,10:42:15 AM,13:01:29,3:37:35 AM,5:46:56 PM,2:54:17 AM,6:30:14 PM,2:07:23 AM,7:17:07 PM,2022-03-31
90,4:09:05 AM,5:14:51 PM,10:41:58 AM,13:05:46,3:35:03 AM,5:48:53 PM,2:51:33 AM,6:32:23 PM,2:04:17 AM,7:19:38 PM,2022-04-01
91,4:06:38 AM,5:16:41 PM,10:41:40 AM,13:10:03,3:32:31 AM,5:50:49 PM,2:48:48 AM,6:34:32 PM,2:01:08 AM,7:22:11 PM,2022-04-02
92,4:04:12 AM,5:18:32 PM,10:41:22 AM,13:14:20,3:29:59 AM,5:52:46 PM,2:46:03 AM,6:36:42 PM,1:57:58 AM,7:24:46 PM,2022-04-03
93,4:01:46 AM,5:20:23 PM,10:41:05 AM,13:18:37,3:27:27 AM,5:54:43 PM,2:43:17 AM,6:38:52 PM,1:54:47 AM,7:27:23 PM,2022-04-04
94,3:59:21 AM,5:22:14 PM,10:40:48 AM,13:22:53,3:24:55 AM,5:56:40 PM,2:40:31 AM,6:41:04 PM,1:51:34 AM,7:30:02 PM,2022-04-05
95,3:56:56 AM,5:24:05 PM,10:40:30 AM,13:27:09,3:22:23 AM,5:58:38 PM,2:37:44 AM,6:43:17 PM,1:48:18 AM,7:32:42 PM,2022-04-06
96,3:54:31 AM,5:25:56 PM,10:40:14 AM,13:31:25,3:19:51 AM,6:00:36 PM,2:34:57 AM,6:45:30 PM,1:45:02 AM,7:35:25 PM,2022-04-07
97,3:52:07 AM,5:27:47 PM,10:39:57 AM,13:35:40,3:17:19 AM,6:02:35 PM,2:32:09 AM,6:47:44 PM,1:41:43 AM,7:38:11 PM,2022-04-08
98,3:49:43 AM,5:29:38 PM,10:39:40 AM,13:39:55,3:14:47 AM,6:04:33 PM,2:29:21 AM,6:50:00 PM,1:38:22 AM,7:40:58 PM,2022-04-09
99,3:47:20 AM,5:31:29 PM,10:39:24 AM,13:44:09,3:12:16 AM,6:06:33 PM,2:26:32 AM,6:52:16 PM,1:35:00 AM,7:43:49 PM,2022-04-10
100,3:44:57 AM,5:33:20 PM,10:39:08 AM,13:48:23,3:09:45 AM,6:08:32 PM,2:23:43 AM,6:54:33 PM,1:31:35 AM,7:46:41 PM,2022-04-11
101,3:42:35 AM,5:35:11 PM,10:38:53 AM,13:52:36,3:07:14 AM,6:10:32 PM,2:20:54 AM,6:56:52 PM,1:28:09 AM,7:49:37 PM,2022-04-12
102,3:40:13 AM,5:37:02 PM,10:38:37 AM,13:56:49,3:04:43 AM,6:12:32 PM,2:18:04 AM,6:59:11 PM,1:24:40 AM,7:52:35 PM,2022-04-13
103,3:37:52 AM,5:38:53 PM,10:38:22 AM,14:01:01,3:02:13 AM,6:14:32 PM,2:15:14 AM,7:01:31 PM,1:21:09 AM,7:55:36 PM,2022-04-14
104,3:35:32 AM,5:40:44 PM,10:38:08 AM,14:05:12,2:59:43 AM,6:16:33 PM,2:12:23 AM,7:03:52 PM,1:17:35 AM,7:58:40 PM,2022-04-15
105,3:33:12 AM,5:42:35 PM,10:37:54 AM,14:09:23,2:57:13 AM,6:18:34 PM,2:09:32 AM,7:06:15 PM,1:13:59 AM,8:01:48 PM,2022-04-16
106,3:30:53 AM,5:44:26 PM,10:37:40 AM,14:13:33,2:54:44 AM,6:20:36 PM,2:06:41 AM,7:08:38 PM,1:10:21 AM,8:04:58 PM,2022-04-17
107,3:28:35 AM,5:46:17 PM,10:37:26 AM,14:17:42,2:52:15 AM,6:22:37 PM,2:03:50 AM,7:11:03 PM,1:06:40 AM,8:08:13 PM,2022-04-18
108,3:26:17 AM,5:48:09 PM,10:37:13 AM,14:21:52,2:49:47 AM,6:24:39 PM,2:00:58 AM,7:13:28 PM,1:02:55 AM,8:11:31 PM,2022-04-19
109,3:24:01 AM,5:50:00 PM,10:37:00 AM,14:25:59,2:47:19 AM,6:26:42 PM,1:58:06 AM,7:15:55 PM,12:59:08 AM,8:14:53 PM,2022-04-20
110,3:21:45 AM,5:51:51 PM,10:36:48 AM,14:30:06,2:44:52 AM,6:28:45 PM,1:55:13 AM,7:18:23 PM,12:55:17 AM,8:18:19 PM,2022-04-21
111,3:19:31 AM,5:53:42 PM,10:36:36 AM,14:34:11,2:42:25 AM,6:30:47 PM,1:52:21 AM,7:20:52 PM,12:51:23 AM,8:21:49 PM,2022-04-22
112,3:17:17 AM,5:55:33 PM,10:36:25 AM,14:38:16,2:39:59 AM,6:32:51 PM,1:49:28 AM,7:23:22 PM,12:47:25 AM,8:25:24 PM,2022-04-23
113,3:15:04 AM,5:57:23 PM,10:36:14 AM,14:42:19,2:37:34 AM,6:34:54 PM,1:46:35 AM,7:25:53 PM,12:43:23 AM,8:29:05 PM,2022-04-24
114,3:12:53 AM,5:59:14 PM,10:36:03 AM,14:46:21,2:35:09 AM,6:36:58 PM,1:43:42 AM,7:28:25 PM,12:39:16 AM,8:32:51 PM,2022-04-25
115,3:10:42 AM,6:01:05 PM,10:35:53 AM,14:50:23,2:32:45 AM,6:39:02 PM,1:40:48 AM,7:30:59 PM,12:35:05 AM,8:36:42 PM,2022-04-26
116,3:08:33 AM,6:02:55 PM,10:35:44 AM,14:54:22,2:30:22 AM,6:41:06 PM,1:37:55 AM,7:33:33 PM,12:30:48 AM,8:40:40 PM,2022-04-27
117,3:06:25 AM,6:04:45 PM,10:35:35 AM,14:58:20,2:28:00 AM,6:43:10 PM,1:35:01 AM,7:36:09 PM,12:26:25 AM,8:44:45 PM,2022-04-28
118,3:04:18 AM,6:06:36 PM,10:35:27 AM,15:02:18,2:25:39 AM,6:45:14 PM,1:32:08 AM,7:38:45 PM,12:21:55 AM,8:48:58 PM,2022-04-29
119,3:02:12 AM,6:08:25 PM,10:35:19 AM,15:06:13,2:23:19 AM,6:47:18 PM,1:29:14 AM,7:41:23 PM,12:17:18 AM,8:53:19 PM,2022-04-30
120,3:00:08 AM,6:10:15 PM,10:35:11 AM,15:10:07,2:21:00 AM,6:49:23 PM,1:26:20 AM,7:44:02 PM,12:12:33 AM,8:57:50 PM,2022-05-01
121,2:58:05 AM,6:12:04 PM,10:35:04 AM,15:13:59,2:18:41 AM,6:51:27 PM,1:23:26 AM,7:46:42 PM,12:07:37 AM,9:02:31 PM,2022-05-02
122,2:56:03 AM,6:13:53 PM,10:34:58 AM,15:17:50,2:16:24 AM,6:53:32 PM,1:20:33 AM,7:49:23 PM,12:02:31 AM,9:07:25 PM,2022-05-03
123,2:54:03 AM,6:15:42 PM,10:34:52 AM,15:21:39,2:14:08 AM,6:55:36 PM,1:17:39 AM,7:52:06 PM,11:57:11 PM,9:12:34 PM,2022-05-04
124,2:52:04 AM,6:17:30 PM,10:34:47 AM,15:25:26,2:11:54 AM,6:57:40 PM,1:14:45 AM,7:54:49 PM,11:51:34 PM,9:18:00 PM,2022-05-05
125,2:50:07 AM,6:19:18 PM,10:34:42 AM,15:29:11,2:09:41 AM,6:59:44 PM,1:11:52 AM,7:57:33 PM,11:45:38 PM,9:23:47 PM,2022-05-06
126,2:48:12 AM,6:21:05 PM,10:34:38 AM,15:32:53,2:07:29 AM,7:01:48 PM,1:08:58 AM,8:00:18 PM,11:39:17 PM,9:30:00 PM,2022-05-07
127,2:46:18 AM,6:22:52 PM,10:34:35 AM,15:36:34,2:05:18 AM,7:03:52 PM,1:06:05 AM,8:03:05 PM,11:32:21 PM,9:36:48 PM,2022-05-08
128,2:44:26 AM,6:24:38 PM,10:34:32 AM,15:40:12,2:03:09 AM,7:05:55 PM,1:03:12 AM,8:05:52 PM,11:24:39 PM,9:44:25 PM,2022-05-09
129,2:42:36 AM,6:26:23 PM,10:34:29 AM,15:43:47,2:01:01 AM,7:07:58 PM,1:00:19 AM,8:08:40 PM,11:15:42 PM,9:53:17 PM,2022-05-10
130,2:40:47 AM,6:28:08 PM,10:34:28 AM,15:47:21,1:58:55 AM,7:10:00 PM,12:57:26 AM,8:11:29 PM,11:04:26 PM,10:04:29 PM,2022-05-11
131,2:39:01 AM,6:29:52 PM,10:34:26 AM,15:50:51,1:56:51 AM,7:12:02 PM,12:54:34 AM,8:14:19 PM,10:45:05 PM,10:23:48 PM,2022-05-12
132,2:37:16 AM,6:31:35 PM,10:34:26 AM,15:54:19,1:54:49 AM,7:14:03 PM,12:51:42 AM,8:17:10 PM,12:00:01 AM,12:00:01 AM,2022-05-13
133,2:35:34 AM,6:33:18 PM,10:34:26 AM,15:57:44,1:52:48 AM,7:16:03 PM,12:48:50 AM,8:20:01 PM,12:00:01 AM,12:00:01 AM,2022-05-14
134,2:33:53 AM,6:34:59 PM,10:34:26 AM,16:01:06,1:50:49 AM,7:18:03 PM,12:45:59 AM,8:22:53 PM,12:00:01 AM,12:00:01 AM,2022-05-15
135,2:32:15 AM,6:36:39 PM,10:34:27 AM,16:04:24,1:48:52 AM,7:20:02 PM,12:43:09 AM,8:25:46 PM,12:00:01 AM,12:00:01 AM,2022-05-16
136,2:30:39 AM,6:38:19 PM,10:34:29 AM,16:07:40,1:46:58 AM,7:22:00 PM,12:40:19 AM,8:28:39 PM,12:00:01 AM,12:00:01 AM,2022-05-17
137,2:29:05 AM,6:39:57 PM,10:34:31 AM,16:10:52,1:45:05 AM,7:23:57 PM,12:37:29 AM,8:31:32 PM,12:00:01 AM,12:00:01 AM,2022-05-18
138,2:27:33 AM,6:41:34 PM,10:34:34 AM,16:14:01,1:43:15 AM,7:25:53 PM,12:34:41 AM,8:34:27 PM,12:00:01 AM,12:00:01 AM,2022-05-19
139,2:26:04 AM,6:43:10 PM,10:34:37 AM,16:17:06,1:41:27 AM,7:27:47 PM,12:31:53 AM,8:37:21 PM,12:00:01 AM,12:00:01 AM,2022-05-20
140,2:24:37 AM,6:44:44 PM,10:34:41 AM,16:20:07,1:39:41 AM,7:29:41 PM,12:29:06 AM,8:40:16 PM,12:00:01 AM,12:00:01 AM,2022-05-21
141,2:23:13 AM,6:46:17 PM,10:34:45 AM,16:23:04,1:37:58 AM,7:31:32 PM,12:26:20 AM,8:43:10 PM,12:00:01 AM,12:00:01 AM,2022-05-22
142,2:21:51 AM,6:47:49 PM,10:34:50 AM,16:25:58,1:36:17 AM,7:33:23 PM,12:23:35 AM,8:46:05 PM,12:00:01 AM,12:00:01 AM,2022-05-23
143,2:20:32 AM,6:49:19 PM,10:34:55 AM,16:28:47,1:34:39 AM,7:35:11 PM,12:20:51 AM,8:49:00 PM,12:00:01 AM,12:00:01 AM,2022-05-24
144,2:19:15 AM,6:50:47 PM,10:35:01 AM,16:31:32,1:33:04 AM,7:36:58 PM,12:18:08 AM,8:51:54 PM,12:00:01 AM,12:00:01 AM,2022-05-25
145,2:18:02 AM,6:52:13 PM,10:35:07 AM,16:34:11,1:31:32 AM,7:38:43 PM,12:15:27 AM,8:54:48 PM,12:00:01 AM,12:00:01 AM,2022-05-26
146,2:16:51 AM,6:53:38 PM,10:35:14 AM,16:36:47,1:30:03 AM,7:40:26 PM,12:12:48 AM,8:57:41 PM,12:00:01 AM,12:00:01 AM,2022-05-27
147,2:15:42 AM,6:55:01 PM,10:35:22 AM,16:39:19,1:28:36 AM,7:42:07 PM,12:10:10 AM,9:00:33 PM,12:00:01 AM,12:00:01 AM,2022-05-28
148,2:14:37 AM,6:56:22 PM,10:35:29 AM,16:41:45,1:27:13 AM,7:43:46 PM,12:07:34 AM,9:03:25 PM,12:00:01 AM,12:00:01 AM,2022-05-29
149,2:13:35 AM,6:57:40 PM,10:35:38 AM,16:44:05,1:25:53 AM,7:45:22 PM,12:05:00 AM,9:06:15 PM,12:00:01 AM,12:00:01 AM,2022-05-30
150,2:12:35 AM,6:58:57 PM,10:35:46 AM,16:46:22,1:24:37 AM,7:46:56 PM,12:02:29 AM,9:09:04 PM,12:00:01 AM,12:00:01 AM,2022-05-31
151,2:11:39 AM,7:00:11 PM,10:35:55 AM,16:48:32,1:23:24 AM,7:48:27 PM,12:00:00 AM,9:11:51 PM,12:00:01 AM,12:00:01 AM,2022-06-01
152,2:10:46 AM,7:01:23 PM,10:36:05 AM,16:50:37,1:22:14 AM,7:49:55 PM,11:57:34 PM,9:14:36 PM,12:00:01 AM,12:00:01 AM,2022-06-02
153,2:09:56 AM,7:02:33 PM,10:36:14 AM,16:52:37,1:21:08 AM,7:51:20 PM,11:55:11 PM,9:17:18 PM,12:00:01 AM,12:00:01 AM,2022-06-03
154,2:09:09 AM,7:03:40 PM,10:36:25 AM,16:54:31,1:20:06 AM,7:52:43 PM,11:52:52 PM,9:19:58 PM,12:00:01 AM,12:00:01 AM,2022-06-04
155,2:08:26 AM,7:04:45 PM,10:36:35 AM,16:56:19,1:19:08 AM,7:54:02 PM,11:50:36 PM,9:22:34 PM,12:00:01 AM,12:00:01 AM,2022-06-05
156,2:07:45 AM,7:05:46 PM,10:36:46 AM,16:58:01,1:18:13 AM,7:55:18 PM,11:48:25 PM,9:25:07 PM,12:00:01 AM,12:00:01 AM,2022-06-06
157,2:07:08 AM,7:06:46 PM,10:36:57 AM,16:59:38,1:17:23 AM,7:56:31 PM,11:46:18 PM,9:27:36 PM,12:00:01 AM,12:00:01 AM,2022-06-07
158,2:06:35 AM,7:07:42 PM,10:37:08 AM,17:01:07,1:16:37 AM,7:57:40 PM,11:44:17 PM,9:30:00 PM,12:00:01 AM,12:00:01 AM,2022-06-08
159,2:06:05 AM,7:08:36 PM,10:37:20 AM,17:02:31,1:15:54 AM,7:58:46 PM,11:42:22 PM,9:32:18 PM,12:00:01 AM,12:00:01 AM,2022-06-09
160,2:05:38 AM,7:09:26 PM,10:37:32 AM,17:03:48,1:15:16 AM,7:59:48 PM,11:40:33 PM,9:34:31 PM,12:00:01 AM,12:00:01 AM,2022-06-10
161,2:05:15 AM,7:10:14 PM,10:37:44 AM,17:04:59,1:14:43 AM,8:00:46 PM,11:38:51 PM,9:36:37 PM,12:00:01 AM,12:00:01 AM,2022-06-11
162,2:04:55 AM,7:10:58 PM,10:37:56 AM,17:06:03,1:14:13 AM,8:01:40 PM,11:37:17 PM,9:38:36 PM,12:00:01 AM,12:00:01 AM,2022-06-12
163,2:04:38 AM,7:11:40 PM,10:38:09 AM,17:07:02,1:13:48 AM,8:02:30 PM,11:35:52 PM,9:40:26 PM,12:00:01 AM,12:00:01 AM,2022-06-13
164,2:04:25 AM,7:12:18 PM,10:38:22 AM,17:07:53,1:13:28 AM,8:03:16 PM,11:34:36 PM,9:42:08 PM,12:00:01 AM,12:00:01 AM,2022-06-14
165,2:04:16 AM,7:12:53 PM,10:38:34 AM,17:08:37,1:13:11 AM,8:03:57 PM,11:33:30 PM,9:43:39 PM,12:00:01 AM,12:00:01 AM,2022-06-15
166,2:04:10 AM,7:13:24 PM,10:38:47 AM,17:09:14,1:13:00 AM,8:04:35 PM,11:32:34 PM,9:45:00 PM,12:00:01 AM,12:00:01 AM,2022-06-16
167,2:04:08 AM,7:13:53 PM,10:39:00 AM,17:09:45,1:12:53 AM,8:05:08 PM,11:31:50 PM,9:46:10 PM,12:00:01 AM,12:00:01 AM,2022-06-17
168,2:04:09 AM,7:14:18 PM,10:39:13 AM,17:10:09,1:12:50 AM,8:05:36 PM,11:31:19 PM,9:47:08 PM,12:00:01 AM,12:00:01 AM,2022-06-18
169,2:04:14 AM,7:14:39 PM,10:39:26 AM,17:10:25,1:12:52 AM,8:06:01 PM,11:31:00 PM,9:47:53 PM,12:00:01 AM,12:00:01 AM,2022-06-19
170,2:04:22 AM,7:14:57 PM,10:39:39 AM,17:10:35,1:12:59 AM,8:06:20 PM,11:30:54 PM,9:48:25 PM,12:00:01 AM,12:00:01 AM,2022-06-20
171,2:04:33 AM,7:15:12 PM,10:39:53 AM,17:10:39,1:13:10 AM,8:06:35 PM,11:31:01 PM,9:48:44 PM,12:00:01 AM,12:00:01 AM,2022-06-21
172,2:04:48 AM,7:15:23 PM,10:40:06 AM,17:10:35,1:13:26 AM,8:06:46 PM,11:31:22 PM,9:48:50 PM,12:00:01 AM,12:00:01 AM,2022-06-22
173,2:05:07 AM,7:15:30 PM,10:40:19 AM,17:10:23,1:13:46 AM,8:06:52 PM,11:31:55 PM,9:48:42 PM,12:00:01 AM,12:00:01 AM,2022-06-23
174,2:05:28 AM,7:15:34 PM,10:40:31 AM,17:10:06,1:14:10 AM,8:06:53 PM,11:32:42 PM,9:48:21 PM,12:00:01 AM,12:00:01 AM,2022-06-24
175,2:05:54 AM,7:15:35 PM,10:40:44 AM,17:09:41,1:14:39 AM,8:06:49 PM,11:33:41 PM,9:47:47 PM,12:00:01 AM,12:00:01 AM,2022-06-25
176,2:06:22 AM,7:15:32 PM,10:40:57 AM,17:09:10,1:15:12 AM,8:06:42 PM,11:34:52 PM,9:47:02 PM,12:00:01 AM,12:00:01 AM,2022-06-26
177,2:06:54 AM,7:15:25 PM,10:41:09 AM,17:08:31,1:15:50 AM,8:06:29 PM,11:36:14 PM,9:46:05 PM,12:00:01 AM,12:00:01 AM,2022-06-27
178,2:07:29 AM,7:15:15 PM,10:41:22 AM,17:07:46,1:16:32 AM,8:06:12 PM,11:37:46 PM,9:44:57 PM,12:00:01 AM,12:00:01 AM,2022-06-28
179,2:08:07 AM,7:15:01 PM,10:41:34 AM,17:06:54,1:17:17 AM,8:05:50 PM,11:39:28 PM,9:43:40 PM,12:00:01 AM,12:00:01 AM,2022-06-29
180,2:08:48 AM,7:14:44 PM,10:41:46 AM,17:05:56,1:18:07 AM,8:05:24 PM,11:41:19 PM,9:42:13 PM,12:00:01 AM,12:00:01 AM,2022-06-30
181,2:09:32 AM,7:14:23 PM,10:41:58 AM,17:04:51,1:19:01 AM,8:04:54 PM,11:43:18 PM,9:40:37 PM,12:00:01 AM,12:00:01 AM,2022-07-01
182,2:10:19 AM,7:13:59 PM,10:42:09 AM,17:03:40,1:19:59 AM,8:04:19 PM,11:45:23 PM,9:38:54 PM,12:00:01 AM,12:00:01 AM,2022-07-02
183,2:11:09 AM,7:13:31 PM,10:42:20 AM,17:02:22,1:21:00 AM,8:03:40 PM,11:47:36 PM,9:37:04 PM,12:00:01 AM,12:00:01 AM,2022-07-03
184,2:12:02 AM,7:13:00 PM,10:42:31 AM,17:00:58,1:22:05 AM,8:02:57 PM,11:49:54 PM,9:35:08 PM,12:00:01 AM,12:00:01 AM,2022-07-04
185,2:12:58 AM,7:12:25 PM,10:42:41 AM,16:59:27,1:23:14 AM,8:02:09 PM,11:52:17 PM,9:33:06 PM,12:00:01 AM,12:00:01 AM,2022-07-05
186,2:13:56 AM,7:11:47 PM,10:42:52 AM,16:57:51,1:24:26 AM,8:01:18 PM,11:54:45 PM,9:30:59 PM,12:00:01 AM,12:00:01 AM,2022-07-06
187,2:14:57 AM,7:11:05 PM,10:43:01 AM,16:56:08,1:25:41 AM,8:00:22 PM,11:57:16 PM,9:28:47 PM,12:00:01 AM,12:00:01 AM,2022-07-07
188,2:16:01 AM,7:10:21 PM,10:43:11 AM,16:54:20,1:26:59 AM,7:59:23 PM,11:59:51 PM,9:26:30 PM,12:00:01 AM,12:00:01 AM,2022-07-08
189,2:17:07 AM,7:09:33 PM,10:43:20 AM,16:52:26,1:28:20 AM,7:58:19 PM,12:02:30 AM,9:24:10 PM,12:00:01 AM,12:00:01 AM,2022-07-09
190,2:18:15 AM,7:08:42 PM,10:43:28 AM,16:50:27,1:29:45 AM,7:57:12 PM,12:05:10 AM,9:21:46 PM,12:00:01 AM,12:00:01 AM,2022-07-10
191,2:19:26 AM,7:07:47 PM,10:43:37 AM,16:48:21,1:31:12 AM,7:56:02 PM,12:07:54 AM,9:19:20 PM,12:00:01 AM,12:00:01 AM,2022-07-11
192,2:20:39 AM,7:06:50 PM,10:43:44 AM,16:46:11,1:32:41 AM,7:54:48 PM,12:10:39 AM,9:16:50 PM,12:00:01 AM,12:00:01 AM,2022-07-12
193,2:21:54 AM,7:05:49 PM,10:43:52 AM,16:43:55,1:34:13 AM,7:53:30 PM,12:13:25 AM,9:14:18 PM,12:00:01 AM,12:00:01 AM,2022-07-13
194,2:23:11 AM,7:04:46 PM,10:43:58 AM,16:41:35,1:35:48 AM,7:52:09 PM,12:16:13 AM,9:11:44 PM,12:00:01 AM,12:00:01 AM,2022-07-14
195,2:24:30 AM,7:03:39 PM,10:44:05 AM,16:39:09,1:37:25 AM,7:50:45 PM,12:19:02 AM,9:09:07 PM,12:00:01 AM,12:00:01 AM,2022-07-15
196,2:25:51 AM,7:02:30 PM,10:44:10 AM,16:36:39,1:39:03 AM,7:49:17 PM,12:21:52 AM,9:06:29 PM,12:00:01 AM,12:00:01 AM,2022-07-16
197,2:27:14 AM,7:01:18 PM,10:44:16 AM,16:34:04,1:40:44 AM,7:47:47 PM,12:24:43 AM,9:03:49 PM,12:00:01 AM,12:00:01 AM,2022-07-17
198,2:28:38 AM,7:00:03 PM,10:44:20 AM,16:31:25,1:42:27 AM,7:46:14 PM,12:27:34 AM,9:01:07 PM,12:00:01 AM,12:00:01 AM,2022-07-18
199,2:30:04 AM,6:58:45 PM,10:44:25 AM,16:28:41,1:44:12 AM,7:44:37 PM,12:30:25 AM,8:58:24 PM,12:00:01 AM,12:00:01 AM,2022-07-19
200,2:31:32 AM,6:57:25 PM,10:44:28 AM,16:25:53,1:45:58 AM,7:42:59 PM,12:33:17 AM,8:55:39 PM,12:00:01 AM,12:00:01 AM,2022-07-20
201,2:33:01 AM,6:56:02 PM,10:44:31 AM,16:23:01,1:47:46 AM,7:41:17 PM,12:36:09 AM,8:52:54 PM,12:00:01 AM,12:00:01 AM,2022-07-21
202,2:34:31 AM,6:54:36 PM,10:44:34 AM,16:20:05,1:49:35 AM,7:39:33 PM,12:39:00 AM,8:50:07 PM,12:00:01 AM,12:00:01 AM,2022-07-22
203,2:36:03 AM,6:53:08 PM,10:44:36 AM,16:17:05,1:51:25 AM,7:37:46 PM,12:41:52 AM,8:47:20 PM,12:00:01 AM,12:00:01 AM,2022-07-23
204,2:37:36 AM,6:51:38 PM,10:44:37 AM,16:14:02,1:53:17 AM,7:35:57 PM,12:44:43 AM,8:44:31 PM,12:00:01 AM,12:00:01 AM,2022-07-24
205,2:39:11 AM,6:50:05 PM,10:44:38 AM,16:10:54,1:55:10 AM,7:34:06 PM,12:47:33 AM,8:41:42 PM,12:00:01 AM,12:00:01 AM,2022-07-25
206,2:40:46 AM,6:48:30 PM,10:44:38 AM,16:07:44,1:57:04 AM,7:32:12 PM,12:50:24 AM,8:38:52 PM,12:00:01 AM,12:00:01 AM,2022-07-26
207,2:42:23 AM,6:46:52 PM,10:44:37 AM,16:04:29,1:58:59 AM,7:30:16 PM,12:53:13 AM,8:36:02 PM,12:00:01 AM,12:00:01 AM,2022-07-27
208,2:44:00 AM,6:45:13 PM,10:44:36 AM,16:01:13,2:00:54 AM,7:28:18 PM,12:56:02 AM,8:33:10 PM,12:00:01 AM,12:00:01 AM,2022-07-28
209,2:45:38 AM,6:43:31 PM,10:44:35 AM,15:57:53,2:02:51 AM,7:26:19 PM,12:58:51 AM,8:30:19 PM,12:00:01 AM,12:00:01 AM,2022-07-29
210,2:47:17 AM,6:41:48 PM,10:44:33 AM,15:54:31,2:04:48 AM,7:24:17 PM,1:01:38 AM,8:27:27 PM,12:00:01 AM,12:00:01 AM,2022-07-30
211,2:48:57 AM,6:40:02 PM,10:44:30 AM,15:51:05,2:06:46 AM,7:22:14 PM,1:04:25 AM,8:24:34 PM,10:52:09 PM,10:36:50 PM,2022-07-31
212,2:50:38 AM,6:38:14 PM,10:44:26 AM,15:47:36,2:08:44 AM,7:20:08 PM,1:07:11 AM,8:21:41 PM,11:13:20 PM,10:15:32 PM,2022-08-01
213,2:52:19 AM,6:36:25 PM,10:44:22 AM,15:44:06,2:10:43 AM,7:18:01 PM,1:09:56 AM,8:18:48 PM,11:24:41 PM,10:04:03 PM,2022-08-02
214,2:54:01 AM,6:34:33 PM,10:44:17 AM,15:40:32,2:12:42 AM,7:15:53 PM,1:12:40 AM,8:15:54 PM,11:33:35 PM,9:55:00 PM,2022-08-03
215,2:55:44 AM,6:32:40 PM,10:44:12 AM,15:36:56,2:14:41 AM,7:13:43 PM,1:15:23 AM,8:13:01 PM,11:41:11 PM,9:47:14 PM,2022-08-04
216,2:57:27 AM,6:30:46 PM,10:44:06 AM,15:33:19,2:16:41 AM,7:11:31 PM,1:18:06 AM,8:10:07 PM,11:47:57 PM,9:40:16 PM,2022-08-05
217,2:59:10 AM,6:28:49 PM,10:44:00 AM,15:29:39,2:18:41 AM,7:09:18 PM,1:20:47 AM,8:07:13 PM,11:54:07 PM,9:33:52 PM,2022-08-06
218,3:00:54 AM,6:26:51 PM,10:43:53 AM,15:25:57,2:20:41 AM,7:07:04 PM,1:23:27 AM,8:04:18 PM,11:59:51 PM,9:27:54 PM,2022-08-07
219,3:02:39 AM,6:24:51 PM,10:43:45 AM,15:22:12,2:22:41 AM,7:04:49 PM,1:26:06 AM,8:01:24 PM,12:05:14 AM,9:22:16 PM,2022-08-08
220,3:04:23 AM,6:22:50 PM,10:43:37 AM,15:18:27,2:24:42 AM,7:02:32 PM,1:28:44 AM,7:58:30 PM,12:10:19 AM,9:16:55 PM,2022-08-09
221,3:06:08 AM,6:20:47 PM,10:43:28 AM,15:14:39,2:26:42 AM,7:00:14 PM,1:31:21 AM,7:55:35 PM,12:15:09 AM,9:11:47 PM,2022-08-10
222,3:07:54 AM,6:18:43 PM,10:43:18 AM,15:10:49,2:28:42 AM,6:57:55 PM,1:33:56 AM,7:52:41 PM,12:19:47 AM,9:06:50 PM,2022-08-11
223,3:09:39 AM,6:16:38 PM,10:43:08 AM,15:06:59,2:30:42 AM,6:55:35 PM,1:36:31 AM,7:49:46 PM,12:24:13 AM,9:02:03 PM,2022-08-12
224,3:11:25 AM,6:14:31 PM,10:42:58 AM,15:03:06,2:32:42 AM,6:53:13 PM,1:39:04 AM,7:46:52 PM,12:28:31 AM,8:57:25 PM,2022-08-13
225,3:13:11 AM,6:12:23 PM,10:42:47 AM,14:59:12,2:34:42 AM,6:50:51 PM,1:41:36 AM,7:43:57 PM,12:32:39 AM,8:52:54 PM,2022-08-14
226,3:14:57 AM,6:10:14 PM,10:42:35 AM,14:55:17,2:36:42 AM,6:48:28 PM,1:44:07 AM,7:41:03 PM,12:36:40 AM,8:48:30 PM,2022-08-15
227,3:16:43 AM,6:08:03 PM,10:42:23 AM,14:51:20,2:38:42 AM,6:46:04 PM,1:46:37 AM,7:38:09 PM,12:40:34 AM,8:44:12 PM,2022-08-16
228,3:18:29 AM,6:05:52 PM,10:42:10 AM,14:47:23,2:40:41 AM,6:43:39 PM,1:49:06 AM,7:35:14 PM,12:44:21 AM,8:40:00 PM,2022-08-17
229,3:20:15 AM,6:03:39 PM,10:41:57 AM,14:43:24,2:42:40 AM,6:41:14 PM,1:51:34 AM,7:32:20 PM,12:48:02 AM,8:35:52 PM,2022-08-18
230,3:22:02 AM,6:01:25 PM,10:41:43 AM,14:39:23,2:44:39 AM,6:38:48 PM,1:54:00 AM,7:29:27 PM,12:51:38 AM,8:31:49 PM,2022-08-19
231,3:23:48 AM,5:59:11 PM,10:41:29 AM,14:35:23,2:46:38 AM,6:36:21 PM,1:56:26 AM,7:26:33 PM,12:55:09 AM,8:27:49 PM,2022-08-20
232,3:25:34 AM,5:56:55 PM,10:41:15 AM,14:31:21,2:48:36 AM,6:33:53 PM,1:58:50 AM,7:23:39 PM,12:58:35 AM,8:23:54 PM,2022-08-21
233,3:27:21 AM,5:54:38 PM,10:41:00 AM,14:27:17,2:50:34 AM,6:31:25 PM,2:01:13 AM,7:20:46 PM,1:01:57 AM,8:20:02 PM,2022-08-22
234,3:29:07 AM,5:52:21 PM,10:40:44 AM,14:23:14,2:52:32 AM,6:28:56 PM,2:03:35 AM,7:17:53 PM,1:05:14 AM,8:16:14 PM,2022-08-23
235,3:30:54 AM,5:50:02 PM,10:40:28 AM,14:19:08,2:54:29 AM,6:26:27 PM,2:05:56 AM,7:15:00 PM,1:08:28 AM,8:12:28 PM,2022-08-24
236,3:32:40 AM,5:47:43 PM,10:40:12 AM,14:15:03,2:56:26 AM,6:23:57 PM,2:08:15 AM,7:12:08 PM,1:11:37 AM,8:08:46 PM,2022-08-25
237,3:34:26 AM,5:45:23 PM,10:39:55 AM,14:10:57,2:58:23 AM,6:21:27 PM,2:10:34 AM,7:09:15 PM,1:14:44 AM,8:05:06 PM,2022-08-26
238,3:36:13 AM,5:43:02 PM,10:39:38 AM,14:06:49,3:00:19 AM,6:18:56 PM,2:12:52 AM,7:06:24 PM,1:17:46 AM,8:01:29 PM,2022-08-27
239,3:37:59 AM,5:40:41 PM,10:39:20 AM,14:02:42,3:02:15 AM,6:16:25 PM,2:15:08 AM,7:03:32 PM,1:20:46 AM,7:57:54 PM,2022-08-28
240,3:39:45 AM,5:38:19 PM,10:39:02 AM,13:58:34,3:04:11 AM,6:13:53 PM,2:17:24 AM,7:00:41 PM,1:23:42 AM,7:54:22 PM,2022-08-29
241,3:41:31 AM,5:35:56 PM,10:38:44 AM,13:54:25,3:06:06 AM,6:11:22 PM,2:19:38 AM,6:57:50 PM,1:26:36 AM,7:50:52 PM,2022-08-30
242,3:43:18 AM,5:33:33 PM,10:38:25 AM,13:50:15,3:08:01 AM,6:08:50 PM,2:21:51 AM,6:54:59 PM,1:29:27 AM,7:47:24 PM,2022-08-31
243,3:45:04 AM,5:31:09 PM,10:38:06 AM,13:46:05,3:09:55 AM,6:06:17 PM,2:24:04 AM,6:52:09 PM,1:32:15 AM,7:43:58 PM,2022-09-01
244,3:46:50 AM,5:28:44 PM,10:37:47 AM,13:41:54,3:11:49 AM,6:03:45 PM,2:26:15 AM,6:49:19 PM,1:35:00 AM,7:40:34 PM,2022-09-02
245,3:48:36 AM,5:26:19 PM,10:37:28 AM,13:37:43,3:13:43 AM,6:01:12 PM,2:28:25 AM,6:46:30 PM,1:37:43 AM,7:37:12 PM,2022-09-03
246,3:50:21 AM,5:23:54 PM,10:37:08 AM,13:33:33,3:15:37 AM,5:58:39 PM,2:30:35 AM,6:43:41 PM,1:40:24 AM,7:33:52 PM,2022-09-04
247,3:52:07 AM,5:21:28 PM,10:36:48 AM,13:29:21,3:17:30 AM,5:56:06 PM,2:32:43 AM,6:40:52 PM,1:43:02 AM,7:30:33 PM,2022-09-05
248,3:53:53 AM,5:19:02 PM,10:36:28 AM,13:25:09,3:19:22 AM,5:53:33 PM,2:34:51 AM,6:38:04 PM,1:45:38 AM,7:27:17 PM,2022-09-06
249,3:55:39 AM,5:16:35 PM,10:36:07 AM,13:20:56,3:21:15 AM,5:51:00 PM,2:36:58 AM,6:35:17 PM,1:48:12 AM,7:24:02 PM,2022-09-07
250,3:57:25 AM,5:14:08 PM,10:35:46 AM,13:16:43,3:23:07 AM,5:48:26 PM,2:39:03 AM,6:32:30 PM,1:50:44 AM,7:20:49 PM,2022-09-08
251,3:59:10 AM,5:11:41 PM,10:35:26 AM,13:12:31,3:24:58 AM,5:45:53 PM,2:41:08 AM,6:29:43 PM,1:53:14 AM,7:17:37 PM,2022-09-09
252,4:00:56 AM,5:09:13 PM,10:35:05 AM,13:08:17,3:26:50 AM,5:43:20 PM,2:43:12 AM,6:26:57 PM,1:55:43 AM,7:14:27 PM,2022-09-10
253,4:02:42 AM,5:06:46 PM,10:34:44 AM,13:04:04,3:28:41 AM,5:40:46 PM,2:45:16 AM,6:24:12 PM,1:58:09 AM,7:11:19 PM,2022-09-11
254,4:04:27 AM,5:04:18 PM,10:34:23 AM,12:59:51,3:30:32 AM,5:38:13 PM,2:47:18 AM,6:21:27 PM,2:00:33 AM,7:08:12 PM,2022-09-12
255,4:06:13 AM,5:01:49 PM,10:34:01 AM,12:55:36,3:32:22 AM,5:35:40 PM,2:49:20 AM,6:18:42 PM,2:02:56 AM,7:05:06 PM,2022-09-13
256,4:07:59 AM,4:59:21 PM,10:33:40 AM,12:51:22,3:34:13 AM,5:33:07 PM,2:51:21 AM,6:15:59 PM,2:05:17 AM,7:02:03 PM,2022-09-14
257,4:09:45 AM,4:56:52 PM,10:33:18 AM,12:47:07,3:36:03 AM,5:30:34 PM,2:53:21 AM,6:13:16 PM,2:07:37 AM,6:59:00 PM,2022-09-15
258,4:11:30 AM,4:54:24 PM,10:32:57 AM,12:42:54,3:37:52 AM,5:28:02 PM,2:55:21 AM,6:10:33 PM,2:09:55 AM,6:55:59 PM,2022-09-16
259,4:13:16 AM,4:51:55 PM,10:32:36 AM,12:38:39,3:39:42 AM,5:25:29 PM,2:57:20 AM,6:07:52 PM,2:12:11 AM,6:53:00 PM,2022-09-17
260,4:15:02 AM,4:49:26 PM,10:32:14 AM,12:34:24,3:41:31 AM,5:22:57 PM,2:59:18 AM,6:05:11 PM,2:14:26 AM,6:50:02 PM,2022-09-18
261,4:16:48 AM,4:46:57 PM,10:31:53 AM,12:30:09,3:43:21 AM,5:20:25 PM,3:01:15 AM,6:02:30 PM,2:16:40 AM,6:47:05 PM,2022-09-19
262,4:18:34 AM,4:44:28 PM,10:31:31 AM,12:25:54,3:45:09 AM,5:17:53 PM,3:03:12 AM,5:59:51 PM,2:18:52 AM,6:44:10 PM,2022-09-20
263,4:20:21 AM,4:42:00 PM,10:31:10 AM,12:21:39,3:46:58 AM,5:15:22 PM,3:05:09 AM,5:57:12 PM,2:21:04 AM,6:41:17 PM,2022-09-21
264,4:22:07 AM,4:39:31 PM,10:30:49 AM,12:17:24,3:48:47 AM,5:12:51 PM,3:07:04 AM,5:54:33 PM,2:23:13 AM,6:38:24 PM,2022-09-22
265,4:23:53 AM,4:37:02 PM,10:30:28 AM,12:13:09,3:50:35 AM,5:10:20 PM,3:08:59 AM,5:51:56 PM,2:25:22 AM,6:35:34 PM,2022-09-23
266,4:25:40 AM,4:34:34 PM,10:30:07 AM,12:08:54,3:52:24 AM,5:07:50 PM,3:10:54 AM,5:49:20 PM,2:27:29 AM,6:32:44 PM,2022-09-24
267,4:27:27 AM,4:32:05 PM,10:29:46 AM,12:04:38,3:54:12 AM,5:05:20 PM,3:12:48 AM,5:46:44 PM,2:29:36 AM,6:29:56 PM,2022-09-25
268,4:29:13 AM,4:29:37 PM,10:29:25 AM,12:00:24,3:56:00 AM,5:02:51 PM,3:14:42 AM,5:44:09 PM,2:31:41 AM,6:27:10 PM,2022-09-26
269,4:31:01 AM,4:27:09 PM,10:29:05 AM,11:56:08,3:57:48 AM,5:00:22 PM,3:16:35 AM,5:41:35 PM,2:33:45 AM,6:24:25 PM,2022-09-27
270,4:32:48 AM,4:24:41 PM,10:28:45 AM,11:51:53,3:59:36 AM,4:57:53 PM,3:18:28 AM,5:39:02 PM,2:35:48 AM,6:21:41 PM,2022-09-28
271,4:34:35 AM,4:22:14 PM,10:28:25 AM,11:47:39,4:01:24 AM,4:55:25 PM,3:20:20 AM,5:36:29 PM,2:37:50 AM,6:18:59 PM,2022-09-29
272,4:36:23 AM,4:19:47 PM,10:28:05 AM,11:43:24,4:03:12 AM,4:52:58 PM,3:22:12 AM,5:33:58 PM,2:39:52 AM,6:16:18 PM,2022-09-30
273,4:38:11 AM,4:17:20 PM,10:27:45 AM,11:39:09,4:04:59 AM,4:50:31 PM,3:24:03 AM,5:31:28 PM,2:41:52 AM,6:13:39 PM,2022-10-01
274,4:39:59 AM,4:14:53 PM,10:27:26 AM,11:34:54,4:06:47 AM,4:48:05 PM,3:25:54 AM,5:28:58 PM,2:43:51 AM,6:11:01 PM,2022-10-02
275,4:41:47 AM,4:12:27 PM,10:27:07 AM,11:30:40,4:08:35 AM,4:45:40 PM,3:27:45 AM,5:26:30 PM,2:45:50 AM,6:08:25 PM,2022-10-03
276,4:43:36 AM,4:10:02 PM,10:26:49 AM,11:26:26,4:10:22 AM,4:43:15 PM,3:29:35 AM,5:24:02 PM,2:47:48 AM,6:05:50 PM,2022-10-04
277,4:45:24 AM,4:07:36 PM,10:26:30 AM,11:22:12,4:12:10 AM,4:40:51 PM,3:31:25 AM,5:21:36 PM,2:49:45 AM,6:03:16 PM,2022-10-05
278,4:47:14 AM,4:05:12 PM,10:26:13 AM,11:17:58,4:13:58 AM,4:38:27 PM,3:33:14 AM,5:19:11 PM,2:51:41 AM,6:00:44 PM,2022-10-06
279,4:49:03 AM,4:02:47 PM,10:25:55 AM,11:13:44,4:15:45 AM,4:36:05 PM,3:35:04 AM,5:16:47 PM,2:53:36 AM,5:58:14 PM,2022-10-07
280,4:50:53 AM,4:00:24 PM,10:25:38 AM,11:09:31,4:17:33 AM,4:33:43 PM,3:36:53 AM,5:14:24 PM,2:55:31 AM,5:55:45 PM,2022-10-08
281,4:52:43 AM,3:58:00 PM,10:25:21 AM,11:05:17,4:19:21 AM,4:31:22 PM,3:38:41 AM,5:12:02 PM,2:57:25 AM,5:53:18 PM,2022-10-09
282,4:54:33 AM,3:55:38 PM,10:25:05 AM,11:01:05,4:21:09 AM,4:29:02 PM,3:40:30 AM,5:09:41 PM,2:59:18 AM,5:50:52 PM,2022-10-10
283,4:56:23 AM,3:53:16 PM,10:24:50 AM,10:56:53,4:22:57 AM,4:26:43 PM,3:42:18 AM,5:07:22 PM,3:01:11 AM,5:48:28 PM,2022-10-11
284,4:58:14 AM,3:50:55 PM,10:24:34 AM,10:52:41,4:24:44 AM,4:24:24 PM,3:44:06 AM,5:05:03 PM,3:03:03 AM,5:46:06 PM,2022-10-12
285,5:00:05 AM,3:48:34 PM,10:24:20 AM,10:48:29,4:26:32 AM,4:22:07 PM,3:45:53 AM,5:02:46 PM,3:04:54 AM,5:43:45 PM,2022-10-13
286,5:01:57 AM,3:46:14 PM,10:24:06 AM,10:44:17,4:28:20 AM,4:19:51 PM,3:47:41 AM,5:00:31 PM,3:06:45 AM,5:41:26 PM,2022-10-14
287,5:03:48 AM,3:43:55 PM,10:23:52 AM,10:40:07,4:30:09 AM,4:17:35 PM,3:49:28 AM,4:58:16 PM,3:08:35 AM,5:39:08 PM,2022-10-15
288,5:05:40 AM,3:41:37 PM,10:23:39 AM,10:35:57,4:31:57 AM,4:15:21 PM,3:51:15 AM,4:56:03 PM,3:10:25 AM,5:36:53 PM,2022-10-16
289,5:07:33 AM,3:39:20 PM,10:23:26 AM,10:31:47,4:33:45 AM,4:13:08 PM,3:53:01 AM,4:53:51 PM,3:12:14 AM,5:34:39 PM,2022-10-17
290,5:09:25 AM,3:37:04 PM,10:23:15 AM,10:27:39,4:35:33 AM,4:10:56 PM,3:54:48 AM,4:51:41 PM,3:14:03 AM,5:32:26 PM,2022-10-18
291,5:11:18 AM,3:34:48 PM,10:23:03 AM,10:23:30,4:37:22 AM,4:08:45 PM,3:56:34 AM,4:49:32 PM,3:15:51 AM,5:30:16 PM,2022-10-19
292,5:13:12 AM,3:32:34 PM,10:22:53 AM,10:19:22,4:39:10 AM,4:06:35 PM,3:58:20 AM,4:47:25 PM,3:17:39 AM,5:28:07 PM,2022-10-20
293,5:15:05 AM,3:30:20 PM,10:22:43 AM,10:15:15,4:40:58 AM,4:04:27 PM,4:00:06 AM,4:45:19 PM,3:19:26 AM,5:26:00 PM,2022-10-21
294,5:16:59 AM,3:28:08 PM,10:22:33 AM,10:11:09,4:42:47 AM,4:02:20 PM,4:01:52 AM,4:43:15 PM,3:21:12 AM,5:23:55 PM,2022-10-22
295,5:18:53 AM,3:25:57 PM,10:22:25 AM,10:07:04,4:44:35 AM,4:00:14 PM,4:03:37 AM,4:41:12 PM,3:22:58 AM,5:21:51 PM,2022-10-23
296,5:20:47 AM,3:23:46 PM,10:22:17 AM,10:02:59,4:46:24 AM,3:58:10 PM,4:05:22 AM,4:39:11 PM,3:24:44 AM,5:19:50 PM,2022-10-24
297,5:22:42 AM,3:21:37 PM,10:22:10 AM,09:58:55,4:48:12 AM,3:56:07 PM,4:07:07 AM,4:37:12 PM,3:26:29 AM,5:17:50 PM,2022-10-25
298,5:24:36 AM,3:19:30 PM,10:22:03 AM,09:54:54,4:50:01 AM,3:54:05 PM,4:08:52 AM,4:35:14 PM,3:28:13 AM,5:15:53 PM,2022-10-26
299,5:26:31 AM,3:17:23 PM,10:21:57 AM,09:50:52,4:51:49 AM,3:52:05 PM,4:10:37 AM,4:33:18 PM,3:29:57 AM,5:13:57 PM,2022-10-27
300,5:28:26 AM,3:15:18 PM,10:21:52 AM,09:46:52,4:53:38 AM,3:50:06 PM,4:12:21 AM,4:31:23 PM,3:31:41 AM,5:12:04 PM,2022-10-28
301,5:30:22 AM,3:13:14 PM,10:21:48 AM,09:42:52,4:55:26 AM,3:48:09 PM,4:14:05 AM,4:29:31 PM,3:33:24 AM,5:10:12 PM,2022-10-29
302,5:32:17 AM,3:11:12 PM,10:21:44 AM,09:38:55,4:57:15 AM,3:46:14 PM,4:15:48 AM,4:27:40 PM,3:35:06 AM,5:08:22 PM,2022-10-30
303,5:34:12 AM,3:09:11 PM,10:21:42 AM,09:34:59,4:59:03 AM,3:44:20 PM,4:17:32 AM,4:25:51 PM,3:36:48 AM,5:06:35 PM,2022-10-31
304,5:36:08 AM,3:07:11 PM,10:21:40 AM,09:31:03,5:00:51 AM,3:42:28 PM,4:19:15 AM,4:24:04 PM,3:38:30 AM,5:04:50 PM,2022-11-01
305,5:38:03 AM,3:05:14 PM,10:21:38 AM,09:27:11,5:02:39 AM,3:40:38 PM,4:20:58 AM,4:22:19 PM,3:40:11 AM,5:03:06 PM,2022-11-02
306,5:39:59 AM,3:03:17 PM,10:21:38 AM,09:23:18,5:04:27 AM,3:38:49 PM,4:22:40 AM,4:20:36 PM,3:41:51 AM,5:01:25 PM,2022-11-03
307,5:41:54 AM,3:01:23 PM,10:21:39 AM,09:19:29,5:06:14 AM,3:37:03 PM,4:24:22 AM,4:18:55 PM,3:43:31 AM,4:59:46 PM,2022-11-04
308,5:43:50 AM,2:59:30 PM,10:21:40 AM,09:15:40,5:08:02 AM,3:35:18 PM,4:26:03 AM,4:17:16 PM,3:45:10 AM,4:58:10 PM,2022-11-05
309,5:45:45 AM,2:57:39 PM,10:21:42 AM,09:11:54,5:09:49 AM,3:33:35 PM,4:27:45 AM,4:15:39 PM,3:46:49 AM,4:56:35 PM,2022-11-06
310,5:47:40 AM,2:55:50 PM,10:21:45 AM,09:08:10,5:11:36 AM,3:31:54 PM,4:29:25 AM,4:14:05 PM,3:48:27 AM,4:55:03 PM,2022-11-07
311,5:49:35 AM,2:54:03 PM,10:21:49 AM,09:04:28,5:13:22 AM,3:30:16 PM,4:31:06 AM,4:12:32 PM,3:50:04 AM,4:53:34 PM,2022-11-08
312,5:51:30 AM,2:52:17 PM,10:21:53 AM,09:00:47,5:15:08 AM,3:28:39 PM,4:32:45 AM,4:11:02 PM,3:51:41 AM,4:52:06 PM,2022-11-09
313,5:53:24 AM,2:50:34 PM,10:21:59 AM,08:57:10,5:16:54 AM,3:27:04 PM,4:34:24 AM,4:09:33 PM,3:53:17 AM,4:50:41 PM,2022-11-10
314,5:55:18 AM,2:48:53 PM,10:22:05 AM,08:53:35,5:18:39 AM,3:25:32 PM,4:36:03 AM,4:08:08 PM,3:54:52 AM,4:49:18 PM,2022-11-11
315,5:57:11 AM,2:47:14 PM,10:22:12 AM,08:50:03,5:20:23 AM,3:24:02 PM,4:37:41 AM,4:06:44 PM,3:56:27 AM,4:47:58 PM,2022-11-12
316,5:59:04 AM,2:45:37 PM,10:22:20 AM,08:46:33,5:22:07 AM,3:22:34 PM,4:39:18 AM,4:05:23 PM,3:58:01 AM,4:46:40 PM,2022-11-13
317,6:00:57 AM,2:44:02 PM,10:22:29 AM,08:43:05,5:23:51 AM,3:21:08 PM,4:40:55 AM,4:04:04 PM,3:59:34 AM,4:45:25 PM,2022-11-14
318,6:02:49 AM,2:42:29 PM,10:22:39 AM,08:39:40,5:25:34 AM,3:19:45 PM,4:42:31 AM,4:02:48 PM,4:01:06 AM,4:44:12 PM,2022-11-15
319,6:04:40 AM,2:40:59 PM,10:22:50 AM,08:36:19,5:27:16 AM,3:18:24 PM,4:44:06 AM,4:01:34 PM,4:02:37 AM,4:43:02 PM,2022-11-16
320,6:06:30 AM,2:39:32 PM,10:23:01 AM,08:33:02,5:28:57 AM,3:17:06 PM,4:45:40 AM,4:00:22 PM,4:04:08 AM,4:41:54 PM,2022-11-17
321,6:08:20 AM,2:38:07 PM,10:23:13 AM,08:29:47,5:30:37 AM,3:15:50 PM,4:47:13 AM,3:59:13 PM,4:05:37 AM,4:40:49 PM,2022-11-18
322,6:10:09 AM,2:36:44 PM,10:23:26 AM,08:26:35,5:32:16 AM,3:14:36 PM,4:48:46 AM,3:58:07 PM,4:07:06 AM,4:39:47 PM,2022-11-19
323,6:11:56 AM,2:35:24 PM,10:23:40 AM,08:23:28,5:33:55 AM,3:13:26 PM,4:50:17 AM,3:57:04 PM,4:08:34 AM,4:38:47 PM,2022-11-20
324,6:13:43 AM,2:34:07 PM,10:23:55 AM,08:20:24,5:35:32 AM,3:12:18 PM,4:51:48 AM,3:56:03 PM,4:10:00 AM,4:37:50 PM,2022-11-21
325,6:15:28 AM,2:32:53 PM,10:24:11 AM,08:17:25,5:37:09 AM,3:11:13 PM,4:53:17 AM,3:55:04 PM,4:11:25 AM,4:36:56 PM,2022-11-22
326,6:17:12 AM,2:31:41 PM,10:24:27 AM,08:14:29,5:38:44 AM,3:10:10 PM,4:54:45 AM,3:54:09 PM,4:12:50 AM,4:36:04 PM,2022-11-23
327,6:18:55 AM,2:30:33 PM,10:24:44 AM,08:11:38,5:40:18 AM,3:09:10 PM,4:56:12 AM,3:53:16 PM,4:14:13 AM,4:35:15 PM,2022-11-24
328,6:20:37 AM,2:29:27 PM,10:25:02 AM,08:08:50,5:41:50 AM,3:08:14 PM,4:57:38 AM,3:52:26 PM,4:15:35 AM,4:34:29 PM,2022-11-25
329,6:22:17 AM,2:28:24 PM,10:25:20 AM,08:06:07,5:43:21 AM,3:07:20 PM,4:59:02 AM,3:51:39 PM,4:16:55 AM,4:33:46 PM,2022-11-26
330,6:23:55 AM,2:27:24 PM,10:25:40 AM,08:03:29,5:44:51 AM,3:06:29 PM,5:00:25 AM,3:50:54 PM,4:18:15 AM,4:33:05 PM,2022-11-27
331,6:25:32 AM,2:26:28 PM,10:26:00 AM,08:00:56,5:46:19 AM,3:05:41 PM,5:01:47 AM,3:50:13 PM,4:19:32 AM,4:32:27 PM,2022-11-28
332,6:27:07 AM,2:25:35 PM,10:26:21 AM,07:58:28,5:47:45 AM,3:04:56 PM,5:03:07 AM,3:49:34 PM,4:20:49 AM,4:31:52 PM,2022-11-29
333,6:28:40 AM,2:24:44 PM,10:26:42 AM,07:56:04,5:49:10 AM,3:04:14 PM,5:04:26 AM,3:48:58 PM,4:22:04 AM,4:31:20 PM,2022-11-30
334,6:30:11 AM,2:23:58 PM,10:27:04 AM,07:53:47,5:50:33 AM,3:03:35 PM,5:05:43 AM,3:48:26 PM,4:23:17 AM,4:30:51 PM,2022-12-01
335,6:31:40 AM,2:23:14 PM,10:27:27 AM,07:51:34,5:51:54 AM,3:02:59 PM,5:06:58 AM,3:47:56 PM,4:24:29 AM,4:30:25 PM,2022-12-02
336,6:33:06 AM,2:22:34 PM,10:27:50 AM,07:49:28,5:53:14 AM,3:02:27 PM,5:08:12 AM,3:47:29 PM,4:25:39 AM,4:30:01 PM,2022-12-03
337,6:34:31 AM,2:21:58 PM,10:28:14 AM,07:47:27,5:54:31 AM,3:01:58 PM,5:09:23 AM,3:47:05 PM,4:26:48 AM,4:29:40 PM,2022-12-04
338,6:35:53 AM,2:21:25 PM,10:28:39 AM,07:45:32,5:55:46 AM,3:01:31 PM,5:10:33 AM,3:46:44 PM,4:27:55 AM,4:29:23 PM,2022-12-05
339,6:37:13 AM,2:20:55 PM,10:29:04 AM,07:43:42,5:56:59 AM,3:01:09 PM,5:11:41 AM,3:46:26 PM,4:29:00 AM,4:29:08 PM,2022-12-06
340,6:38:30 AM,2:20:29 PM,10:29:29 AM,07:41:59,5:58:10 AM,3:00:49 PM,5:12:47 AM,3:46:12 PM,4:30:03 AM,4:28:56 PM,2022-12-07
341,6:39:44 AM,2:20:07 PM,10:29:56 AM,07:40:23,5:59:18 AM,3:00:33 PM,5:13:51 AM,3:46:00 PM,4:31:04 AM,4:28:47 PM,2022-12-08
342,6:40:56 AM,2:19:48 PM,10:30:22 AM,07:38:52,6:00:24 AM,3:00:20 PM,5:14:53 AM,3:45:51 PM,4:32:04 AM,4:28:41 PM,2022-12-09
343,6:42:05 AM,2:19:33 PM,10:30:49 AM,07:37:28,6:01:28 AM,3:00:10 PM,5:15:53 AM,3:45:45 PM,4:33:01 AM,4:28:37 PM,2022-12-10
344,6:43:11 AM,2:19:22 PM,10:31:17 AM,07:36:11,6:02:29 AM,3:00:04 PM,5:16:50 AM,3:45:43 PM,4:33:56 AM,4:28:37 PM,2022-12-11
345,6:44:14 AM,2:19:14 PM,10:31:44 AM,07:35:00,6:03:28 AM,3:00:01 PM,5:17:46 AM,3:45:43 PM,4:34:50 AM,4:28:39 PM,2022-12-12
346,6:45:14 AM,2:19:11 PM,10:32:13 AM,07:33:57,6:04:24 AM,3:00:01 PM,5:18:38 AM,3:45:47 PM,4:35:41 AM,4:28:44 PM,2022-12-13
347,6:46:11 AM,2:19:11 PM,10:32:41 AM,07:33:00,6:05:17 AM,3:00:05 PM,5:19:29 AM,3:45:53 PM,4:36:30 AM,4:28:52 PM,2022-12-14
348,6:47:05 AM,2:19:15 PM,10:33:10 AM,07:32:10,6:06:08 AM,3:00:12 PM,5:20:17 AM,3:46:02 PM,4:37:16 AM,4:29:03 PM,2022-12-15
349,6:47:55 AM,2:19:22 PM,10:33:39 AM,07:31:27,6:06:55 AM,3:00:22 PM,5:21:03 AM,3:46:15 PM,4:38:00 AM,4:29:17 PM,2022-12-16
350,6:48:43 AM,2:19:33 PM,10:34:08 AM,07:30:50,6:07:40 AM,3:00:36 PM,5:21:46 AM,3:46:30 PM,4:38:42 AM,4:29:33 PM,2022-12-17
351,6:49:26 AM,2:19:49 PM,10:34:37 AM,07:30:23,6:08:22 AM,3:00:53 PM,5:22:26 AM,3:46:49 PM,4:39:22 AM,4:29:53 PM,2022-12-18
352,6:50:07 AM,2:20:07 PM,10:35:07 AM,07:30:00,6:09:01 AM,3:01:13 PM,5:23:04 AM,3:47:10 PM,4:39:59 AM,4:30:15 PM,2022-12-19
353,6:50:43 AM,2:20:30 PM,10:35:37 AM,07:29:47,6:09:37 AM,3:01:37 PM,5:23:39 AM,3:47:34 PM,4:40:34 AM,4:30:39 PM,2022-12-20
354,6:51:17 AM,2:20:56 PM,10:36:06 AM,07:29:39,6:10:09 AM,3:02:04 PM,5:24:12 AM,3:48:01 PM,4:41:06 AM,4:31:07 PM,2022-12-21
355,6:51:46 AM,2:21:26 PM,10:36:36 AM,07:29:40,6:10:39 AM,3:02:34 PM,5:24:41 AM,3:48:31 PM,4:41:36 AM,4:31:37 PM,2022-12-22
356,6:52:12 AM,2:22:00 PM,10:37:06 AM,07:29:48,6:11:06 AM,3:03:07 PM,5:25:08 AM,3:49:04 PM,4:42:03 AM,4:32:09 PM,2022-12-23
357,6:52:35 AM,2:22:37 PM,10:37:36 AM,07:30:02,6:11:29 AM,3:03:43 PM,5:25:32 AM,3:49:40 PM,4:42:28 AM,4:32:44 PM,2022-12-24
358,6:52:53 AM,2:23:18 PM,10:38:06 AM,07:30:25,6:11:49 AM,3:04:22 PM,5:25:53 AM,3:50:18 PM,4:42:50 AM,4:33:22 PM,2022-12-25
359,6:53:08 AM,2:24:03 PM,10:38:35 AM,07:30:55,6:12:06 AM,3:05:05 PM,5:26:12 AM,3:50:59 PM,4:43:09 AM,4:34:02 PM,2022-12-26
360,6:53:20 AM,2:24:50 PM,10:39:05 AM,07:31:30,6:12:20 AM,3:05:50 PM,5:26:27 AM,3:51:43 PM,4:43:25 AM,4:34:45 PM,2022-12-27
361,6:53:27 AM,2:25:42 PM,10:39:34 AM,07:32:15,6:12:30 AM,3:06:39 PM,5:26:40 AM,3:52:29 PM,4:43:39 AM,4:35:30 PM,2022-12-28
362,6:53:31 AM,2:26:36 PM,10:40:04 AM,07:33:05,6:12:37 AM,3:07:30 PM,5:26:49 AM,3:53:18 PM,4:43:50 AM,4:36:17 PM,2022-12-29
363,6:53:31 AM,2:27:34 PM,10:40:33 AM,07:34:03,6:12:41 AM,3:08:24 PM,5:26:56 AM,3:54:09 PM,4:43:58 AM,4:37:07 PM,2022-12-30
364,6:53:27 AM,2:28:35 PM,10:41:01 AM,07:35:08,6:12:42 AM,3:09:21 PM,5:27:00 AM,3:55:03 PM,4:44:04 AM,4:37:59 PM,2022-12-31
